asal,tujuan,jumlah
Sumatera Utara,Aceh,21622
Sumatera Barat,Aceh,1271
Riau,Aceh,2076
Jambi,Aceh,474
Sumatera Selatan,Aceh,379
Bengkulu,Aceh,270
Lampung,Aceh,390
Kepulauan Bangka Belitung,Aceh,34
Kepulauan Riau,Aceh,921
DKI Jakarta,Aceh,2000
Jawa Barat,Aceh,3038
Jawa Tengah,Aceh,1191
Daerah Istimewa Yogyakarta,Aceh,255
Jawa Timur,Aceh,658
Banten,Aceh,761
Nusa Tenggara Barat,Aceh,86
Kalimantan Barat,Aceh,100
Kalimantan Tengah,Aceh,2
Kalimantan Selatan,Aceh,199
Kalimantan Timur,Aceh,2
Kalimantan Utara,Aceh,26
Sulawesi Utara,Aceh,68
Sulawesi Tengah,Aceh,8
Sulawesi Selatan,Aceh,47
Sulawesi Tenggara,Aceh,47
Gorontalo,Aceh,14
Sulawesi Barat,Aceh,23
Maluku,Aceh,48
Maluku Utara,Aceh,13
Papua Barat,Aceh,32
Papua,Aceh,93
Aceh,Sumatera Utara,14485
Sumatera Barat,Sumatera Utara,9316
Riau,Sumatera Utara,49179
Jambi,Sumatera Utara,6297
Sumatera Selatan,Sumatera Utara,3498
Bengkulu,Sumatera Utara,1794
Lampung,Sumatera Utara,1461
Kepulauan Bangka Belitung,Sumatera Utara,345
Kepulauan Riau,Sumatera Utara,18601
DKI Jakarta,Sumatera Utara,19064
Jawa Barat,Sumatera Utara,21257
Jawa Tengah,Sumatera Utara,3180
Daerah Istimewa Yogyakarta,Sumatera Utara,1231
Jawa Timur,Sumatera Utara,4116
Banten,Sumatera Utara,6178
Bali,Sumatera Utara,874
Nusa Tenggara Barat,Sumatera Utara,823
Nusa Tenggara Timur,Sumatera Utara,244
Kalimantan Barat,Sumatera Utara,1695
Kalimantan Tengah,Sumatera Utara,1519
Kalimantan Selatan,Sumatera Utara,813
Kalimantan Timur,Sumatera Utara,1698
Kalimantan Utara,Sumatera Utara,320
Sulawesi Utara,Sumatera Utara,1064
Sulawesi Tengah,Sumatera Utara,250
Sulawesi Selatan,Sumatera Utara,726
Sulawesi Tenggara,Sumatera Utara,171
Gorontalo,Sumatera Utara,57
Sulawesi Barat,Sumatera Utara,45
Maluku,Sumatera Utara,101
Maluku Utara,Sumatera Utara,12
Papua Barat,Sumatera Utara,324
Papua,Sumatera Utara,1574
Aceh,Sumatera Barat,2161
Sumatera Utara,Sumatera Barat,18150
Riau,Sumatera Barat,45624
Jambi,Sumatera Barat,14579
Sumatera Selatan,Sumatera Barat,4942
Bengkulu,Sumatera Barat,5331
Lampung,Sumatera Barat,3646
Kepulauan Bangka Belitung,Sumatera Barat,461
Kepulauan Riau,Sumatera Barat,15324
DKI Jakarta,Sumatera Barat,22428
Jawa Barat,Sumatera Barat,20448
Jawa Tengah,Sumatera Barat,4552
Daerah Istimewa Yogyakarta,Sumatera Barat,987
Jawa Timur,Sumatera Barat,2629
Banten,Sumatera Barat,7232
Bali,Sumatera Barat,733
Nusa Tenggara Barat,Sumatera Barat,385
Nusa Tenggara Timur,Sumatera Barat,376
Kalimantan Barat,Sumatera Barat,579
Kalimantan Tengah,Sumatera Barat,474
Kalimantan Selatan,Sumatera Barat,192
Kalimantan Timur,Sumatera Barat,406
Kalimantan Utara,Sumatera Barat,194
Sulawesi Utara,Sumatera Barat,157
Sulawesi Tengah,Sumatera Barat,29
Sulawesi Selatan,Sumatera Barat,704
Sulawesi Tenggara,Sumatera Barat,126
Gorontalo,Sumatera Barat,38
Sulawesi Barat,Sumatera Barat,8
Maluku,Sumatera Barat,102
Maluku Utara,Sumatera Barat,110
Papua Barat,Sumatera Barat,316
Papua,Sumatera Barat,605
Aceh,Riau,2363
Sumatera Utara,Riau,65668
Sumatera Barat,Riau,21359
Jambi,Riau,4359
Sumatera Selatan,Riau,2715
Bengkulu,Riau,936
Lampung,Riau,2569
Kepulauan Bangka Belitung,Riau,35
Kepulauan Riau,Riau,7531
DKI Jakarta,Riau,2643
Jawa Barat,Riau,5352
Jawa Tengah,Riau,5884
Daerah Istimewa Yogyakarta,Riau,1514
Jawa Timur,Riau,3610
Banten,Riau,1339
Bali,Riau,61
Nusa Tenggara Barat,Riau,235
Nusa Tenggara Timur,Riau,327
Kalimantan Barat,Riau,324
Kalimantan Tengah,Riau,97
Kalimantan Selatan,Riau,251
Kalimantan Timur,Riau,272
Kalimantan Utara,Riau,100
Sulawesi Utara,Riau,67
Sulawesi Selatan,Riau,182
Sulawesi Tenggara,Riau,82
Gorontalo,Riau,31
Maluku Utara,Riau,6
Papua Barat,Riau,22
Papua,Riau,17
Aceh,Jambi,432
Sumatera Utara,Jambi,7280
Sumatera Barat,Jambi,8843
Riau,Jambi,5030
Sumatera Selatan,Jambi,7325
Bengkulu,Jambi,1141
Lampung,Jambi,2875
Kepulauan Bangka Belitung,Jambi,266
Kepulauan Riau,Jambi,1708
DKI Jakarta,Jambi,1670
Jawa Barat,Jambi,2979
Jawa Tengah,Jambi,3741
Daerah Istimewa Yogyakarta,Jambi,592
Jawa Timur,Jambi,1790
Banten,Jambi,560
Bali,Jambi,80
Nusa Tenggara Barat,Jambi,117
Nusa Tenggara Timur,Jambi,85
Kalimantan Barat,Jambi,172
Kalimantan Tengah,Jambi,179
Kalimantan Selatan,Jambi,20
Kalimantan Timur,Jambi,133
Kalimantan Utara,Jambi,161
Sulawesi Utara,Jambi,10
Sulawesi Tengah,Jambi,18
Sulawesi Selatan,Jambi,124
Sulawesi Tenggara,Jambi,89
Sulawesi Barat,Jambi,73
Maluku,Jambi,35
Maluku Utara,Jambi,5
Papua,Jambi,224
Aceh,Sumatera Selatan,1024
Sumatera Utara,Sumatera Selatan,3868
Sumatera Barat,Sumatera Selatan,2304
Riau,Sumatera Selatan,2547
Jambi,Sumatera Selatan,5056
Bengkulu,Sumatera Selatan,7846
Lampung,Sumatera Selatan,19987
Kepulauan Bangka Belitung,Sumatera Selatan,2641
Kepulauan Riau,Sumatera Selatan,1574
DKI Jakarta,Sumatera Selatan,5757
Jawa Barat,Sumatera Selatan,13239
Jawa Tengah,Sumatera Selatan,6659
Daerah Istimewa Yogyakarta,Sumatera Selatan,1819
Jawa Timur,Sumatera Selatan,4309
Banten,Sumatera Selatan,4046
Bali,Sumatera Selatan,328
Nusa Tenggara Barat,Sumatera Selatan,175
Nusa Tenggara Timur,Sumatera Selatan,38
Kalimantan Barat,Sumatera Selatan,231
Kalimantan Tengah,Sumatera Selatan,207
Kalimantan Selatan,Sumatera Selatan,198
Kalimantan Timur,Sumatera Selatan,920
Kalimantan Utara,Sumatera Selatan,92
Sulawesi Utara,Sumatera Selatan,15
Sulawesi Tengah,Sumatera Selatan,58
Sulawesi Selatan,Sumatera Selatan,251
Sulawesi Tenggara,Sumatera Selatan,84
Gorontalo,Sumatera Selatan,15
Sulawesi Barat,Sumatera Selatan,107
Maluku,Sumatera Selatan,41
Papua,Sumatera Selatan,248
Aceh,Bengkulu,318
Sumatera Utara,Bengkulu,2100
Sumatera Barat,Bengkulu,2665
Riau,Bengkulu,1230
Jambi,Bengkulu,2479
Sumatera Selatan,Bengkulu,8714
Lampung,Bengkulu,3466
Kepulauan Bangka Belitung,Bengkulu,281
Kepulauan Riau,Bengkulu,766
DKI Jakarta,Bengkulu,2108
Jawa Barat,Bengkulu,4523
Jawa Tengah,Bengkulu,1857
Daerah Istimewa Yogyakarta,Bengkulu,863
Jawa Timur,Bengkulu,1107
Banten,Bengkulu,888
Bali,Bengkulu,96
Nusa Tenggara Barat,Bengkulu,69
Nusa Tenggara Timur,Bengkulu,12
Kalimantan Barat,Bengkulu,131
Kalimantan Tengah,Bengkulu,109
Kalimantan Selatan,Bengkulu,63
Kalimantan Timur,Bengkulu,123
Kalimantan Utara,Bengkulu,10
Sulawesi Utara,Bengkulu,18
Sulawesi Tengah,Bengkulu,8
Sulawesi Selatan,Bengkulu,101
Sulawesi Barat,Bengkulu,105
Maluku,Bengkulu,43
Maluku Utara,Bengkulu,13
Papua Barat,Bengkulu,4
Papua,Bengkulu,182
Aceh,Lampung,503
Sumatera Utara,Lampung,2614
Sumatera Barat,Lampung,2031
Riau,Lampung,2383
Jambi,Lampung,2169
Sumatera Selatan,Lampung,24030
Bengkulu,Lampung,1763
Kepulauan Bangka Belitung,Lampung,2306
Kepulauan Riau,Lampung,1267
DKI Jakarta,Lampung,18517
Jawa Barat,Lampung,20634
Jawa Tengah,Lampung,8402
Daerah Istimewa Yogyakarta,Lampung,2307
Jawa Timur,Lampung,7216
Banten,Lampung,18099
Bali,Lampung,773
Nusa Tenggara Barat,Lampung,44
Nusa Tenggara Timur,Lampung,74
Kalimantan Barat,Lampung,1139
Kalimantan Tengah,Lampung,314
Kalimantan Selatan,Lampung,606
Kalimantan Timur,Lampung,1058
Sulawesi Utara,Lampung,141
Sulawesi Tengah,Lampung,118
Sulawesi Selatan,Lampung,616
Sulawesi Tenggara,Lampung,109
Gorontalo,Lampung,31
Sulawesi Barat,Lampung,3
Maluku,Lampung,142
Papua Barat,Lampung,373
Papua,Lampung,401
Aceh,Kepulauan Bangka Belitung,51
Sumatera Utara,Kepulauan Bangka Belitung,823
Sumatera Barat,Kepulauan Bangka Belitung,590
Riau,Kepulauan Bangka Belitung,344
Jambi,Kepulauan Bangka Belitung,640
Sumatera Selatan,Kepulauan Bangka Belitung,7400
Bengkulu,Kepulauan Bangka Belitung,332
Lampung,Kepulauan Bangka Belitung,3030
Kepulauan Riau,Kepulauan Bangka Belitung,800
DKI Jakarta,Kepulauan Bangka Belitung,3638
Jawa Barat,Kepulauan Bangka Belitung,4325
Jawa Tengah,Kepulauan Bangka Belitung,2072
Daerah Istimewa Yogyakarta,Kepulauan Bangka Belitung,1174
Jawa Timur,Kepulauan Bangka Belitung,1507
Banten,Kepulauan Bangka Belitung,1146
Bali,Kepulauan Bangka Belitung,117
Nusa Tenggara Barat,Kepulauan Bangka Belitung,591
Nusa Tenggara Timur,Kepulauan Bangka Belitung,113
Kalimantan Barat,Kepulauan Bangka Belitung,210
Kalimantan Tengah,Kepulauan Bangka Belitung,51
Kalimantan Selatan,Kepulauan Bangka Belitung,33
Kalimantan Timur,Kepulauan Bangka Belitung,112
Kalimantan Utara,Kepulauan Bangka Belitung,82
Sulawesi Utara,Kepulauan Bangka Belitung,52
Sulawesi Tengah,Kepulauan Bangka Belitung,144
Sulawesi Selatan,Kepulauan Bangka Belitung,261
Sulawesi Tenggara,Kepulauan Bangka Belitung,378
Gorontalo,Kepulauan Bangka Belitung,75
Sulawesi Barat,Kepulauan Bangka Belitung,86
Maluku,Kepulauan Bangka Belitung,2
Maluku Utara,Kepulauan Bangka Belitung,22
Papua Barat,Kepulauan Bangka Belitung,17
Papua,Kepulauan Bangka Belitung,2
Aceh,Kepulauan Riau,1871
Sumatera Utara,Kepulauan Riau,24366
Sumatera Barat,Kepulauan Riau,11221
Riau,Kepulauan Riau,13622
Jambi,Kepulauan Riau,2103
Sumatera Selatan,Kepulauan Riau,4643
Bengkulu,Kepulauan Riau,970
Lampung,Kepulauan Riau,2422
Kepulauan Bangka Belitung,Kepulauan Riau,726
DKI Jakarta,Kepulauan Riau,3380
Jawa Barat,Kepulauan Riau,5696
Jawa Tengah,Kepulauan Riau,6625
Daerah Istimewa Yogyakarta,Kepulauan Riau,1116
Jawa Timur,Kepulauan Riau,6250
Banten,Kepulauan Riau,843
Bali,Kepulauan Riau,439
Nusa Tenggara Barat,Kepulauan Riau,612
Nusa Tenggara Timur,Kepulauan Riau,1902
Kalimantan Barat,Kepulauan Riau,1441
Kalimantan Tengah,Kepulauan Riau,139
Kalimantan Selatan,Kepulauan Riau,225
Kalimantan Timur,Kepulauan Riau,249
Kalimantan Utara,Kepulauan Riau,73
Sulawesi Utara,Kepulauan Riau,186
Sulawesi Tengah,Kepulauan Riau,50
Sulawesi Selatan,Kepulauan Riau,891
Sulawesi Tenggara,Kepulauan Riau,607
Maluku,Kepulauan Riau,18
Papua Barat,Kepulauan Riau,83
Papua,Kepulauan Riau,42
Aceh,DKI Jakarta,949
Sumatera Utara,DKI Jakarta,8108
Sumatera Barat,DKI Jakarta,5040
Riau,DKI Jakarta,2317
Jambi,DKI Jakarta,892
Sumatera Selatan,DKI Jakarta,3055
Bengkulu,DKI Jakarta,298
Lampung,DKI Jakarta,6189
Kepulauan Bangka Belitung,DKI Jakarta,708
Kepulauan Riau,DKI Jakarta,933
Jawa Barat,DKI Jakarta,76296
Jawa Tengah,DKI Jakarta,48201
Daerah Istimewa Yogyakarta,DKI Jakarta,3861
Jawa Timur,DKI Jakarta,16879
Banten,DKI Jakarta,22916
Bali,DKI Jakarta,1212
Nusa Tenggara Barat,DKI Jakarta,1137
Nusa Tenggara Timur,DKI Jakarta,1505
Kalimantan Barat,DKI Jakarta,2270
Kalimantan Tengah,DKI Jakarta,355
Kalimantan Selatan,DKI Jakarta,835
Kalimantan Timur,DKI Jakarta,688
Kalimantan Utara,DKI Jakarta,127
Sulawesi Utara,DKI Jakarta,618
Sulawesi Tengah,DKI Jakarta,35
Sulawesi Selatan,DKI Jakarta,2443
Sulawesi Tenggara,DKI Jakarta,112
Gorontalo,DKI Jakarta,135
Sulawesi Barat,DKI Jakarta,39
Maluku,DKI Jakarta,616
Maluku Utara,DKI Jakarta,242
Papua Barat,DKI Jakarta,122
Papua,DKI Jakarta,862
Aceh,Jawa Barat,3728
Sumatera Utara,Jawa Barat,19801
Sumatera Barat,Jawa Barat,12287
Riau,Jawa Barat,5251
Jambi,Jawa Barat,3227
Sumatera Selatan,Jawa Barat,10468
Bengkulu,Jawa Barat,2515
Lampung,Jawa Barat,15702
Kepulauan Bangka Belitung,Jawa Barat,1562
Kepulauan Riau,Jawa Barat,3414
DKI Jakarta,Jawa Barat,339634
Jawa Tengah,Jawa Barat,123205
Daerah Istimewa Yogyakarta,Jawa Barat,8554
Jawa Timur,Jawa Barat,32723
Banten,Jawa Barat,71956
Bali,Jawa Barat,3179
Nusa Tenggara Barat,Jawa Barat,1468
Nusa Tenggara Timur,Jawa Barat,787
Kalimantan Barat,Jawa Barat,4691
Kalimantan Tengah,Jawa Barat,1120
Kalimantan Selatan,Jawa Barat,1865
Kalimantan Timur,Jawa Barat,3689
Kalimantan Utara,Jawa Barat,611
Sulawesi Utara,Jawa Barat,1095
Sulawesi Tengah,Jawa Barat,1068
Sulawesi Selatan,Jawa Barat,3129
Sulawesi Tenggara,Jawa Barat,900
Gorontalo,Jawa Barat,448
Sulawesi Barat,Jawa Barat,68
Maluku,Jawa Barat,1101
Maluku Utara,Jawa Barat,294
Papua Barat,Jawa Barat,506
Papua,Jawa Barat,1752
Aceh,Jawa Tengah,2733
Sumatera Utara,Jawa Tengah,6751
Sumatera Barat,Jawa Tengah,5212
Riau,Jawa Tengah,8893
Jambi,Jawa Tengah,11217
Sumatera Selatan,Jawa Tengah,12127
Bengkulu,Jawa Tengah,2183
Lampung,Jawa Tengah,12986
Kepulauan Bangka Belitung,Jawa Tengah,2784
Kepulauan Riau,Jawa Tengah,12124
DKI Jakarta,Jawa Tengah,188939
Jawa Barat,Jawa Tengah,173999
Daerah Istimewa Yogyakarta,Jawa Tengah,49606
Jawa Timur,Jawa Tengah,63399
Banten,Jawa Tengah,65752
Bali,Jawa Tengah,6639
Nusa Tenggara Barat,Jawa Tengah,2437
Nusa Tenggara Timur,Jawa Tengah,3353
Kalimantan Barat,Jawa Tengah,12226
Kalimantan Tengah,Jawa Tengah,29980
Kalimantan Selatan,Jawa Tengah,7190
Kalimantan Timur,Jawa Tengah,14121
Kalimantan Utara,Jawa Tengah,551
Sulawesi Utara,Jawa Tengah,1009
Sulawesi Tengah,Jawa Tengah,3260
Sulawesi Selatan,Jawa Tengah,4485
Sulawesi Tenggara,Jawa Tengah,1163
Gorontalo,Jawa Tengah,649
Sulawesi Barat,Jawa Tengah,391
Maluku,Jawa Tengah,2105
Maluku Utara,Jawa Tengah,848
Papua Barat,Jawa Tengah,2479
Papua,Jawa Tengah,5984
Aceh,Daerah Istimewa Yogyakarta,808
Sumatera Utara,Daerah Istimewa Yogyakarta,3639
Sumatera Barat,Daerah Istimewa Yogyakarta,1322
Riau,Daerah Istimewa Yogyakarta,3505
Jambi,Daerah Istimewa Yogyakarta,1931
Sumatera Selatan,Daerah Istimewa Yogyakarta,4546
Bengkulu,Daerah Istimewa Yogyakarta,1172
Lampung,Daerah Istimewa Yogyakarta,4361
Kepulauan Bangka Belitung,Daerah Istimewa Yogyakarta,1104
Kepulauan Riau,Daerah Istimewa Yogyakarta,2028
DKI Jakarta,Daerah Istimewa Yogyakarta,15291
Jawa Barat,Daerah Istimewa Yogyakarta,24533
Jawa Tengah,Daerah Istimewa Yogyakarta,59708
Jawa Timur,Daerah Istimewa Yogyakarta,15873
Banten,Daerah Istimewa Yogyakarta,9332
Bali,Daerah Istimewa Yogyakarta,1892
Nusa Tenggara Barat,Daerah Istimewa Yogyakarta,1847
Nusa Tenggara Timur,Daerah Istimewa Yogyakarta,2625
Kalimantan Barat,Daerah Istimewa Yogyakarta,2654
Kalimantan Tengah,Daerah Istimewa Yogyakarta,2289
Kalimantan Selatan,Daerah Istimewa Yogyakarta,1866
Kalimantan Timur,Daerah Istimewa Yogyakarta,4158
Kalimantan Utara,Daerah Istimewa Yogyakarta,587
Sulawesi Utara,Daerah Istimewa Yogyakarta,279
Sulawesi Tengah,Daerah Istimewa Yogyakarta,1033
Sulawesi Selatan,Daerah Istimewa Yogyakarta,1372
Sulawesi Tenggara,Daerah Istimewa Yogyakarta,877
Gorontalo,Daerah Istimewa Yogyakarta,68
Sulawesi Barat,Daerah Istimewa Yogyakarta,77
Maluku,Daerah Istimewa Yogyakarta,1271
Maluku Utara,Daerah Istimewa Yogyakarta,452
Papua Barat,Daerah Istimewa Yogyakarta,537
Papua,Daerah Istimewa Yogyakarta,2427
Aceh,Jawa Timur,1799
Sumatera Utara,Jawa Timur,4664
Sumatera Barat,Jawa Timur,2377
Riau,Jawa Timur,4530
Jambi,Jawa Timur,1577
Sumatera Selatan,Jawa Timur,7635
Bengkulu,Jawa Timur,1040
Lampung,Jawa Timur,5596
Kepulauan Bangka Belitung,Jawa Timur,1123
Kepulauan Riau,Jawa Timur,6453
DKI Jakarta,Jawa Timur,31387
Jawa Barat,Jawa Timur,36330
Jawa Tengah,Jawa Timur,47761
Daerah Istimewa Yogyakarta,Jawa Timur,5859
Banten,Jawa Timur,11700
Bali,Jawa Timur,26708
Nusa Tenggara Barat,Jawa Timur,3982
Nusa Tenggara Timur,Jawa Timur,6175
Kalimantan Barat,Jawa Timur,4667
Kalimantan Tengah,Jawa Timur,9766
Kalimantan Selatan,Jawa Timur,9094
Kalimantan Timur,Jawa Timur,22712
Kalimantan Utara,Jawa Timur,3171
Sulawesi Utara,Jawa Timur,2487
Sulawesi Tengah,Jawa Timur,1547
Sulawesi Selatan,Jawa Timur,4764
Sulawesi Tenggara,Jawa Timur,1339
Gorontalo,Jawa Timur,236
Sulawesi Barat,Jawa Timur,363
Maluku,Jawa Timur,2084
Maluku Utara,Jawa Timur,1104
Papua Barat,Jawa Timur,4010
Papua,Jawa Timur,7956
Aceh,Banten,774
Sumatera Utara,Banten,5582
Sumatera Barat,Banten,2469
Riau,Banten,1339
Jambi,Banten,1047
Sumatera Selatan,Banten,5788
Bengkulu,Banten,578
Lampung,Banten,11927
Kepulauan Bangka Belitung,Banten,1354
Kepulauan Riau,Banten,719
DKI Jakarta,Banten,103105
Jawa Barat,Banten,52798
Jawa Tengah,Banten,29622
Daerah Istimewa Yogyakarta,Banten,3894
Jawa Timur,Banten,9152
Bali,Banten,476
Nusa Tenggara Barat,Banten,444
Nusa Tenggara Timur,Banten,333
Kalimantan Barat,Banten,1002
Kalimantan Tengah,Banten,268
Kalimantan Selatan,Banten,521
Kalimantan Timur,Banten,703
Kalimantan Utara,Banten,6
Sulawesi Utara,Banten,474
Sulawesi Tengah,Banten,292
Sulawesi Selatan,Banten,916
Sulawesi Tenggara,Banten,162
Gorontalo,Banten,48
Maluku,Banten,269
Maluku Utara,Banten,18
Papua Barat,Banten,85
Papua,Banten,112
Aceh,Bali,144
Sumatera Utara,Bali,746
Sumatera Barat,Bali,190
Riau,Bali,222
Jambi,Bali,35
Sumatera Selatan,Bali,889
Bengkulu,Bali,5
Lampung,Bali,1275
Kepulauan Bangka Belitung,Bali,100
Kepulauan Riau,Bali,93
DKI Jakarta,Bali,2897
Jawa Barat,Bali,2879
Jawa Tengah,Bali,2469
Daerah Istimewa Yogyakarta,Bali,689
Jawa Timur,Bali,20182
Banten,Bali,750
Nusa Tenggara Barat,Bali,3713
Nusa Tenggara Timur,Bali,6336
Kalimantan Barat,Bali,260
Kalimantan Tengah,Bali,80
Kalimantan Selatan,Bali,79
Kalimantan Timur,Bali,302
Sulawesi Utara,Bali,226
Sulawesi Tengah,Bali,820
Sulawesi Selatan,Bali,438
Sulawesi Tenggara,Bali,334
Gorontalo,Bali,16
Sulawesi Barat,Bali,160
Maluku,Bali,117
Maluku Utara,Bali,22
Papua Barat,Bali,108
Papua,Bali,245
Aceh,Nusa Tenggara Barat,304
Sumatera Utara,Nusa Tenggara Barat,687
Sumatera Barat,Nusa Tenggara Barat,700
Riau,Nusa Tenggara Barat,678
Jambi,Nusa Tenggara Barat,124
Sumatera Selatan,Nusa Tenggara Barat,629
Bengkulu,Nusa Tenggara Barat,23
Lampung,Nusa Tenggara Barat,302
Kepulauan Bangka Belitung,Nusa Tenggara Barat,644
Kepulauan Riau,Nusa Tenggara Barat,1253
DKI Jakarta,Nusa Tenggara Barat,3969
Jawa Barat,Nusa Tenggara Barat,4348
Jawa Tengah,Nusa Tenggara Barat,3019
Daerah Istimewa Yogyakarta,Nusa Tenggara Barat,2963
Jawa Timur,Nusa Tenggara Barat,7896
Banten,Nusa Tenggara Barat,1213
Bali,Nusa Tenggara Barat,11620
Nusa Tenggara Timur,Nusa Tenggara Barat,3487
Kalimantan Barat,Nusa Tenggara Barat,2700
Kalimantan Tengah,Nusa Tenggara Barat,3883
Kalimantan Selatan,Nusa Tenggara Barat,2037
Kalimantan Timur,Nusa Tenggara Barat,7658
Kalimantan Utara,Nusa Tenggara Barat,671
Sulawesi Utara,Nusa Tenggara Barat,362
Sulawesi Tengah,Nusa Tenggara Barat,532
Sulawesi Selatan,Nusa Tenggara Barat,4561
Sulawesi Tenggara,Nusa Tenggara Barat,238
Gorontalo,Nusa Tenggara Barat,2
Sulawesi Barat,Nusa Tenggara Barat,332
Maluku,Nusa Tenggara Barat,146
Maluku Utara,Nusa Tenggara Barat,15
Papua Barat,Nusa Tenggara Barat,355
Papua,Nusa Tenggara Barat,2067
Aceh,Nusa Tenggara Timur,26
Sumatera Utara,Nusa Tenggara Timur,842
Sumatera Barat,Nusa Tenggara Timur,335
Riau,Nusa Tenggara Timur,311
Jambi,Nusa Tenggara Timur,83
Sumatera Selatan,Nusa Tenggara Timur,463
Bengkulu,Nusa Tenggara Timur,50
Lampung,Nusa Tenggara Timur,345
Kepulauan Bangka Belitung,Nusa Tenggara Timur,395
Kepulauan Riau,Nusa Tenggara Timur,3124
DKI Jakarta,Nusa Tenggara Timur,5457
Jawa Barat,Nusa Tenggara Timur,3562
Jawa Tengah,Nusa Tenggara Timur,2783
Daerah Istimewa Yogyakarta,Nusa Tenggara Timur,3611
Jawa Timur,Nusa Tenggara Timur,14886
Banten,Nusa Tenggara Timur,748
Bali,Nusa Tenggara Timur,14451
Nusa Tenggara Barat,Nusa Tenggara Timur,3556
Kalimantan Barat,Nusa Tenggara Timur,1423
Kalimantan Tengah,Nusa Tenggara Timur,3591
Kalimantan Selatan,Nusa Tenggara Timur,1600
Kalimantan Timur,Nusa Tenggara Timur,12582
Kalimantan Utara,Nusa Tenggara Timur,2406
Sulawesi Utara,Nusa Tenggara Timur,567
Sulawesi Tengah,Nusa Tenggara Timur,254
Sulawesi Selatan,Nusa Tenggara Timur,8903
Sulawesi Tenggara,Nusa Tenggara Timur,380
Gorontalo,Nusa Tenggara Timur,39
Sulawesi Barat,Nusa Tenggara Timur,152
Maluku,Nusa Tenggara Timur,1229
Maluku Utara,Nusa Tenggara Timur,138
Papua Barat,Nusa Tenggara Timur,2010
Papua,Nusa Tenggara Timur,5311
Aceh,Kalimantan Barat,122
Sumatera Utara,Kalimantan Barat,1671
Sumatera Barat,Kalimantan Barat,671
Riau,Kalimantan Barat,987
Jambi,Kalimantan Barat,281
Sumatera Selatan,Kalimantan Barat,188
Bengkulu,Kalimantan Barat,55
Lampung,Kalimantan Barat,875
Kepulauan Bangka Belitung,Kalimantan Barat,220
Kepulauan Riau,Kalimantan Barat,932
DKI Jakarta,Kalimantan Barat,4620
Jawa Barat,Kalimantan Barat,3473
Jawa Tengah,Kalimantan Barat,6393
Daerah Istimewa Yogyakarta,Kalimantan Barat,1454
Jawa Timur,Kalimantan Barat,3692
Banten,Kalimantan Barat,1792
Bali,Kalimantan Barat,206
Nusa Tenggara Barat,Kalimantan Barat,344
Nusa Tenggara Timur,Kalimantan Barat,1063
Kalimantan Tengah,Kalimantan Barat,1523
Kalimantan Selatan,Kalimantan Barat,527
Kalimantan Timur,Kalimantan Barat,996
Kalimantan Utara,Kalimantan Barat,66
Sulawesi Utara,Kalimantan Barat,64
Sulawesi Tengah,Kalimantan Barat,99
Sulawesi Selatan,Kalimantan Barat,531
Sulawesi Tenggara,Kalimantan Barat,137
Gorontalo,Kalimantan Barat,25
Sulawesi Barat,Kalimantan Barat,24
Maluku,Kalimantan Barat,45
Maluku Utara,Kalimantan Barat,111
Papua Barat,Kalimantan Barat,52
Papua,Kalimantan Barat,190
Aceh,Kalimantan Tengah,104
Sumatera Utara,Kalimantan Tengah,2472
Sumatera Barat,Kalimantan Tengah,399
Riau,Kalimantan Tengah,345
Jambi,Kalimantan Tengah,438
Sumatera Selatan,Kalimantan Tengah,617
Bengkulu,Kalimantan Tengah,136
Lampung,Kalimantan Tengah,1344
Kepulauan Bangka Belitung,Kalimantan Tengah,102
Kepulauan Riau,Kalimantan Tengah,30
DKI Jakarta,Kalimantan Tengah,1530
Jawa Barat,Kalimantan Tengah,3791
Jawa Tengah,Kalimantan Tengah,17670
Daerah Istimewa Yogyakarta,Kalimantan Tengah,1179
Jawa Timur,Kalimantan Tengah,8786
Banten,Kalimantan Tengah,915
Bali,Kalimantan Tengah,145
Nusa Tenggara Barat,Kalimantan Tengah,2435
Nusa Tenggara Timur,Kalimantan Tengah,7578
Kalimantan Barat,Kalimantan Tengah,2927
Kalimantan Selatan,Kalimantan Tengah,12807
Kalimantan Timur,Kalimantan Tengah,1711
Kalimantan Utara,Kalimantan Tengah,420
Sulawesi Utara,Kalimantan Tengah,364
Sulawesi Tengah,Kalimantan Tengah,459
Sulawesi Selatan,Kalimantan Tengah,1397
Sulawesi Tenggara,Kalimantan Tengah,73
Gorontalo,Kalimantan Tengah,33
Sulawesi Barat,Kalimantan Tengah,75
Maluku,Kalimantan Tengah,205
Maluku Utara,Kalimantan Tengah,56
Papua Barat,Kalimantan Tengah,33
Papua,Kalimantan Tengah,181
Aceh,Kalimantan Selatan,223
Sumatera Utara,Kalimantan Selatan,1713
Sumatera Barat,Kalimantan Selatan,281
Riau,Kalimantan Selatan,345
Jambi,Kalimantan Selatan,279
Sumatera Selatan,Kalimantan Selatan,541
Bengkulu,Kalimantan Selatan,21
Lampung,Kalimantan Selatan,229
Kepulauan Bangka Belitung,Kalimantan Selatan,79
Kepulauan Riau,Kalimantan Selatan,196
DKI Jakarta,Kalimantan Selatan,1237
Jawa Barat,Kalimantan Selatan,3106
Jawa Tengah,Kalimantan Selatan,4111
Daerah Istimewa Yogyakarta,Kalimantan Selatan,694
Jawa Timur,Kalimantan Selatan,10768
Banten,Kalimantan Selatan,722
Bali,Kalimantan Selatan,362
Nusa Tenggara Barat,Kalimantan Selatan,1477
Nusa Tenggara Timur,Kalimantan Selatan,1699
Kalimantan Barat,Kalimantan Selatan,612
Kalimantan Tengah,Kalimantan Selatan,15674
Kalimantan Timur,Kalimantan Selatan,9904
Kalimantan Utara,Kalimantan Selatan,630
Sulawesi Utara,Kalimantan Selatan,173
Sulawesi Tengah,Kalimantan Selatan,202
Sulawesi Selatan,Kalimantan Selatan,2275
Sulawesi Tenggara,Kalimantan Selatan,58
Sulawesi Barat,Kalimantan Selatan,611
Maluku,Kalimantan Selatan,13
Maluku Utara,Kalimantan Selatan,73
Papua Barat,Kalimantan Selatan,152
Papua,Kalimantan Selatan,218
Aceh,Kalimantan Timur,270
Sumatera Utara,Kalimantan Timur,2009
Sumatera Barat,Kalimantan Timur,638
Riau,Kalimantan Timur,436
Jambi,Kalimantan Timur,521
Sumatera Selatan,Kalimantan Timur,1364
Bengkulu,Kalimantan Timur,86
Lampung,Kalimantan Timur,1366
Kepulauan Bangka Belitung,Kalimantan Timur,224
Kepulauan Riau,Kalimantan Timur,270
DKI Jakarta,Kalimantan Timur,3475
Jawa Barat,Kalimantan Timur,4293
Jawa Tengah,Kalimantan Timur,9142
Daerah Istimewa Yogyakarta,Kalimantan Timur,1835
Jawa Timur,Kalimantan Timur,18237
Banten,Kalimantan Timur,917
Bali,Kalimantan Timur,314
Nusa Tenggara Barat,Kalimantan Timur,1790
Nusa Tenggara Timur,Kalimantan Timur,5972
Kalimantan Barat,Kalimantan Timur,741
Kalimantan Tengah,Kalimantan Timur,1602
Kalimantan Selatan,Kalimantan Timur,7962
Kalimantan Utara,Kalimantan Timur,3994
Sulawesi Utara,Kalimantan Timur,824
Sulawesi Tengah,Kalimantan Timur,2334
Sulawesi Selatan,Kalimantan Timur,25015
Sulawesi Tenggara,Kalimantan Timur,1387
Gorontalo,Kalimantan Timur,182
Sulawesi Barat,Kalimantan Timur,4624
Maluku,Kalimantan Timur,37
Maluku Utara,Kalimantan Timur,53
Papua Barat,Kalimantan Timur,92
Papua,Kalimantan Timur,378
Aceh,Kalimantan Utara,26
Sumatera Utara,Kalimantan Utara,237
Sumatera Barat,Kalimantan Utara,29
Riau,Kalimantan Utara,45
Jambi,Kalimantan Utara,10
Sumatera Selatan,Kalimantan Utara,56
Bengkulu,Kalimantan Utara,6
Lampung,Kalimantan Utara,127
Kepulauan Bangka Belitung,Kalimantan Utara,7
Kepulauan Riau,Kalimantan Utara,129
DKI Jakarta,Kalimantan Utara,453
Jawa Barat,Kalimantan Utara,695
Jawa Tengah,Kalimantan Utara,1536
Daerah Istimewa Yogyakarta,Kalimantan Utara,651
Jawa Timur,Kalimantan Utara,2611
Banten,Kalimantan Utara,46
Bali,Kalimantan Utara,49
Nusa Tenggara Barat,Kalimantan Utara,174
Nusa Tenggara Timur,Kalimantan Utara,1272
Kalimantan Barat,Kalimantan Utara,21
Kalimantan Tengah,Kalimantan Utara,119
Kalimantan Selatan,Kalimantan Utara,541
Kalimantan Timur,Kalimantan Utara,4034
Sulawesi Utara,Kalimantan Utara,105
Sulawesi Tengah,Kalimantan Utara,1388
Sulawesi Selatan,Kalimantan Utara,7906
Sulawesi Tenggara,Kalimantan Utara,462
Gorontalo,Kalimantan Utara,36
Sulawesi Barat,Kalimantan Utara,435
Papua Barat,Kalimantan Utara,52
Papua,Kalimantan Utara,130
Aceh,Sulawesi Utara,31
Sumatera Utara,Sulawesi Utara,545
Sumatera Barat,Sulawesi Utara,18
Riau,Sulawesi Utara,55
Jambi,Sulawesi Utara,17
Sumatera Selatan,Sulawesi Utara,136
Lampung,Sulawesi Utara,21
Kepulauan Bangka Belitung,Sulawesi Utara,4
Kepulauan Riau,Sulawesi Utara,425
DKI Jakarta,Sulawesi Utara,2596
Jawa Barat,Sulawesi Utara,1856
Jawa Tengah,Sulawesi Utara,904
Daerah Istimewa Yogyakarta,Sulawesi Utara,277
Jawa Timur,Sulawesi Utara,1699
Banten,Sulawesi Utara,216
Bali,Sulawesi Utara,395
Nusa Tenggara Barat,Sulawesi Utara,139
Nusa Tenggara Timur,Sulawesi Utara,303
Kalimantan Barat,Sulawesi Utara,169
Kalimantan Tengah,Sulawesi Utara,69
Kalimantan Selatan,Sulawesi Utara,226
Kalimantan Timur,Sulawesi Utara,813
Kalimantan Utara,Sulawesi Utara,246
Sulawesi Tengah,Sulawesi Utara,2951
Sulawesi Selatan,Sulawesi Utara,3384
Sulawesi Tenggara,Sulawesi Utara,361
Gorontalo,Sulawesi Utara,5819
Sulawesi Barat,Sulawesi Utara,225
Maluku,Sulawesi Utara,636
Maluku Utara,Sulawesi Utara,1824
Papua Barat,Sulawesi Utara,1554
Papua,Sulawesi Utara,2904
Aceh,Sulawesi Tengah,170
Sumatera Utara,Sulawesi Tengah,972
Sumatera Barat,Sulawesi Tengah,262
Riau,Sulawesi Tengah,105
Jambi,Sulawesi Tengah,128
Sumatera Selatan,Sulawesi Tengah,129
Bengkulu,Sulawesi Tengah,53
Lampung,Sulawesi Tengah,74
Kepulauan Bangka Belitung,Sulawesi Tengah,69
Kepulauan Riau,Sulawesi Tengah,95
DKI Jakarta,Sulawesi Tengah,1033
Jawa Barat,Sulawesi Tengah,1513
Jawa Tengah,Sulawesi Tengah,1114
Daerah Istimewa Yogyakarta,Sulawesi Tengah,531
Jawa Timur,Sulawesi Tengah,1995
Banten,Sulawesi Tengah,365
Bali,Sulawesi Tengah,713
Nusa Tenggara Barat,Sulawesi Tengah,169
Nusa Tenggara Timur,Sulawesi Tengah,319
Kalimantan Barat,Sulawesi Tengah,74
Kalimantan Tengah,Sulawesi Tengah,340
Kalimantan Selatan,Sulawesi Tengah,163
Kalimantan Timur,Sulawesi Tengah,3228
Kalimantan Utara,Sulawesi Tengah,2140
Sulawesi Utara,Sulawesi Tengah,3265
Sulawesi Selatan,Sulawesi Tengah,15749
Sulawesi Tenggara,Sulawesi Tengah,2301
Gorontalo,Sulawesi Tengah,3274
Sulawesi Barat,Sulawesi Tengah,3150
Maluku,Sulawesi Tengah,189
Maluku Utara,Sulawesi Tengah,392
Papua Barat,Sulawesi Tengah,243
Papua,Sulawesi Tengah,653
Aceh,Sulawesi Selatan,72
Sumatera Utara,Sulawesi Selatan,529
Sumatera Barat,Sulawesi Selatan,650
Riau,Sulawesi Selatan,434
Jambi,Sulawesi Selatan,384
Sumatera Selatan,Sulawesi Selatan,864
Bengkulu,Sulawesi Selatan,41
Lampung,Sulawesi Selatan,267
Kepulauan Bangka Belitung,Sulawesi Selatan,184
Kepulauan Riau,Sulawesi Selatan,877
DKI Jakarta,Sulawesi Selatan,4428
Jawa Barat,Sulawesi Selatan,4636
Jawa Tengah,Sulawesi Selatan,3063
Daerah Istimewa Yogyakarta,Sulawesi Selatan,416
Jawa Timur,Sulawesi Selatan,4022
Banten,Sulawesi Selatan,765
Bali,Sulawesi Selatan,607
Nusa Tenggara Barat,Sulawesi Selatan,1188
Nusa Tenggara Timur,Sulawesi Selatan,3535
Kalimantan Barat,Sulawesi Selatan,455
Kalimantan Tengah,Sulawesi Selatan,679
Kalimantan Selatan,Sulawesi Selatan,2527
Kalimantan Timur,Sulawesi Selatan,25914
Kalimantan Utara,Sulawesi Selatan,7642
Sulawesi Utara,Sulawesi Selatan,1756
Sulawesi Tengah,Sulawesi Selatan,12121
Sulawesi Tenggara,Sulawesi Selatan,12745
Gorontalo,Sulawesi Selatan,602
Sulawesi Barat,Sulawesi Selatan,11033
Maluku,Sulawesi Selatan,2203
Maluku Utara,Sulawesi Selatan,1972
Papua Barat,Sulawesi Selatan,4800
Papua,Sulawesi Selatan,15162
Aceh,Sulawesi Tenggara,360
Sumatera Utara,Sulawesi Tenggara,418
Sumatera Barat,Sulawesi Tenggara,147
Riau,Sulawesi Tenggara,591
Jambi,Sulawesi Tenggara,71
Sumatera Selatan,Sulawesi Tenggara,77
Lampung,Sulawesi Tenggara,237
Kepulauan Bangka Belitung,Sulawesi Tenggara,555
Kepulauan Riau,Sulawesi Tenggara,1130
DKI Jakarta,Sulawesi Tenggara,1383
Jawa Barat,Sulawesi Tenggara,1574
Jawa Tengah,Sulawesi Tenggara,1125
Daerah Istimewa Yogyakarta,Sulawesi Tenggara,509
Jawa Timur,Sulawesi Tenggara,1855
Banten,Sulawesi Tenggara,134
Bali,Sulawesi Tenggara,550
Nusa Tenggara Barat,Sulawesi Tenggara,333
Nusa Tenggara Timur,Sulawesi Tenggara,447
Kalimantan Barat,Sulawesi Tenggara,219
Kalimantan Tengah,Sulawesi Tenggara,124
Kalimantan Selatan,Sulawesi Tenggara,519
Kalimantan Timur,Sulawesi Tenggara,3651
Kalimantan Utara,Sulawesi Tenggara,635
Sulawesi Utara,Sulawesi Tenggara,1597
Sulawesi Tengah,Sulawesi Tenggara,3423
Sulawesi Selatan,Sulawesi Tenggara,24021
Gorontalo,Sulawesi Tenggara,382
Sulawesi Barat,Sulawesi Tenggara,1302
Maluku,Sulawesi Tenggara,6548
Maluku Utara,Sulawesi Tenggara,3518
Papua Barat,Sulawesi Tenggara,6549
Papua,Sulawesi Tenggara,7242
Aceh,Gorontalo,173
Sumatera Utara,Gorontalo,93
Sumatera Barat,Gorontalo,27
Riau,Gorontalo,76
Jambi,Gorontalo,114
Sumatera Selatan,Gorontalo,2
Bengkulu,Gorontalo,37
Lampung,Gorontalo,89
DKI Jakarta,Gorontalo,533
Jawa Barat,Gorontalo,577
Jawa Tengah,Gorontalo,206
Daerah Istimewa Yogyakarta,Gorontalo,72
Jawa Timur,Gorontalo,454
Banten,Gorontalo,213
Bali,Gorontalo,31
Nusa Tenggara Barat,Gorontalo,118
Nusa Tenggara Timur,Gorontalo,103
Kalimantan Barat,Gorontalo,64
Kalimantan Tengah,Gorontalo,94
Kalimantan Selatan,Gorontalo,35
Kalimantan Timur,Gorontalo,305
Kalimantan Utara,Gorontalo,103
Sulawesi Utara,Gorontalo,8651
Sulawesi Tengah,Gorontalo,5148
Sulawesi Selatan,Gorontalo,1483
Sulawesi Tenggara,Gorontalo,342
Sulawesi Barat,Gorontalo,59
Maluku,Gorontalo,124
Maluku Utara,Gorontalo,567
Papua Barat,Gorontalo,83
Papua,Gorontalo,370
Aceh,Sulawesi Barat,32
Sumatera Utara,Sulawesi Barat,150
Sumatera Barat,Sulawesi Barat,56
Riau,Sulawesi Barat,16
Jambi,Sulawesi Barat,43
Sumatera Selatan,Sulawesi Barat,35
Bengkulu,Sulawesi Barat,101
Lampung,Sulawesi Barat,38
Kepulauan Bangka Belitung,Sulawesi Barat,38
Kepulauan Riau,Sulawesi Barat,83
DKI Jakarta,Sulawesi Barat,335
Jawa Barat,Sulawesi Barat,386
Jawa Tengah,Sulawesi Barat,436
Daerah Istimewa Yogyakarta,Sulawesi Barat,144
Jawa Timur,Sulawesi Barat,930
Banten,Sulawesi Barat,8
Bali,Sulawesi Barat,388
Nusa Tenggara Barat,Sulawesi Barat,158
Nusa Tenggara Timur,Sulawesi Barat,318
Kalimantan Barat,Sulawesi Barat,87
Kalimantan Tengah,Sulawesi Barat,163
Kalimantan Selatan,Sulawesi Barat,530
Kalimantan Timur,Sulawesi Barat,4442
Kalimantan Utara,Sulawesi Barat,846
Sulawesi Utara,Sulawesi Barat,108
Sulawesi Tengah,Sulawesi Barat,4714
Sulawesi Selatan,Sulawesi Barat,14890
Sulawesi Tenggara,Sulawesi Barat,661
Gorontalo,Sulawesi Barat,48
Maluku,Sulawesi Barat,132
Maluku Utara,Sulawesi Barat,59
Papua Barat,Sulawesi Barat,129
Papua,Sulawesi Barat,356
Aceh,Maluku,102
Sumatera Utara,Maluku,550
Sumatera Barat,Maluku,64
Riau,Maluku,249
Jambi,Maluku,15
Sumatera Selatan,Maluku,21
Lampung,Maluku,154
Kepulauan Riau,Maluku,64
DKI Jakarta,Maluku,1417
Jawa Barat,Maluku,1733
Jawa Tengah,Maluku,867
Daerah Istimewa Yogyakarta,Maluku,586
Jawa Timur,Maluku,2502
Banten,Maluku,286
Bali,Maluku,181
Nusa Tenggara Barat,Maluku,45
Nusa Tenggara Timur,Maluku,733
Kalimantan Barat,Maluku,46
Kalimantan Tengah,Maluku,20
Kalimantan Selatan,Maluku,203
Kalimantan Timur,Maluku,139
Kalimantan Utara,Maluku,97
Sulawesi Utara,Maluku,841
Sulawesi Tengah,Maluku,274
Sulawesi Selatan,Maluku,2601
Sulawesi Tenggara,Maluku,2879
Gorontalo,Maluku,77
Sulawesi Barat,Maluku,109
Maluku Utara,Maluku,1996
Papua Barat,Maluku,3222
Papua,Maluku,4698
Aceh,Maluku Utara,46
Sumatera Utara,Maluku Utara,87
Sumatera Barat,Maluku Utara,135
Riau,Maluku Utara,9
Jambi,Maluku Utara,15
Sumatera Selatan,Maluku Utara,57
Bengkulu,Maluku Utara,63
Kepulauan Bangka Belitung,Maluku Utara,15
Kepulauan Riau,Maluku Utara,92
DKI Jakarta,Maluku Utara,480
Jawa Barat,Maluku Utara,490
Jawa Tengah,Maluku Utara,696
Daerah Istimewa Yogyakarta,Maluku Utara,346
Jawa Timur,Maluku Utara,1084
Banten,Maluku Utara,51
Bali,Maluku Utara,62
Nusa Tenggara Barat,Maluku Utara,73
Nusa Tenggara Timur,Maluku Utara,73
Kalimantan Barat,Maluku Utara,52
Kalimantan Tengah,Maluku Utara,37
Kalimantan Selatan,Maluku Utara,31
Kalimantan Timur,Maluku Utara,42
Sulawesi Utara,Maluku Utara,2081
Sulawesi Tengah,Maluku Utara,676
Sulawesi Selatan,Maluku Utara,2514
Sulawesi Tenggara,Maluku Utara,2217
Gorontalo,Maluku Utara,332
Sulawesi Barat,Maluku Utara,46
Maluku,Maluku Utara,1502
Papua Barat,Maluku Utara,922
Papua,Maluku Utara,808
Aceh,Papua Barat,32
Sumatera Utara,Papua Barat,583
Sumatera Barat,Papua Barat,108
Riau,Papua Barat,67
Jambi,Papua Barat,4
Sumatera Selatan,Papua Barat,305
Bengkulu,Papua Barat,20
Lampung,Papua Barat,126
Kepulauan Riau,Papua Barat,48
DKI Jakarta,Papua Barat,969
Jawa Barat,Papua Barat,1086
Jawa Tengah,Papua Barat,1146
Daerah Istimewa Yogyakarta,Papua Barat,543
Jawa Timur,Papua Barat,3511
Banten,Papua Barat,210
Bali,Papua Barat,202
Nusa Tenggara Barat,Papua Barat,164
Nusa Tenggara Timur,Papua Barat,2030
Kalimantan Barat,Papua Barat,135
Kalimantan Tengah,Papua Barat,6
Kalimantan Selatan,Papua Barat,30
Kalimantan Timur,Papua Barat,213
Kalimantan Utara,Papua Barat,29
Sulawesi Utara,Papua Barat,1655
Sulawesi Tengah,Papua Barat,484
Sulawesi Selatan,Papua Barat,6494
Sulawesi Tenggara,Papua Barat,2754
Gorontalo,Papua Barat,63
Sulawesi Barat,Papua Barat,183
Maluku,Papua Barat,5010
Maluku Utara,Papua Barat,1022
Papua,Papua Barat,5998
Aceh,Papua,153
Sumatera Utara,Papua,1289
Sumatera Barat,Papua,163
Riau,Papua,141
Jambi,Papua,69
Sumatera Selatan,Papua,79
Bengkulu,Papua,30
Lampung,Papua,334
Kepulauan Riau,Papua,161
DKI Jakarta,Papua,1095
Jawa Barat,Papua,1124
Jawa Tengah,Papua,2548
Daerah Istimewa Yogyakarta,Papua,522
Jawa Timur,Papua,4626
Banten,Papua,372
Bali,Papua,185
Nusa Tenggara Barat,Papua,604
Nusa Tenggara Timur,Papua,3950
Kalimantan Barat,Papua,173
Kalimantan Tengah,Papua,11
Kalimantan Selatan,Papua,77
Kalimantan Timur,Papua,106
Kalimantan Utara,Papua,40
Sulawesi Utara,Papua,1195
Sulawesi Tengah,Papua,286
Sulawesi Selatan,Papua,10497
Sulawesi Tenggara,Papua,2348
Gorontalo,Papua,81
Sulawesi Barat,Papua,176
Maluku,Papua,3636
Maluku Utara,Papua,326
Papua Barat,Papua,2386
