prov,kode,lon,lat,pulau,masuk,keluar,dalam,luar_negeri,pop5,neto_pct
Aceh,11,96.91187,4.22573,Sumatera,36148,36389,4876719,2493,4915358,-0.0
Sumatera Utara,12,99.05806,2.18844,Sumatera,172312,210629,13557160,9839,13739313,-0.28
Sumatera Barat,13,100.69782,-0.70063,Sumatera,174028,93180,5003182,4820,5182031,1.56
Riau,14,101.81497,0.50874,Sumatera,129951,152982,5865452,1880,5997281,-0.38
Jambi,15,102.71589,-1.6988,Sumatera,47757,60678,3265469,5163,3318392,-0.39
Sumatera Selatan,16,104.17033,-3.2127,Sumatera,85684,113717,7806659,1213,7893556,-0.36
Bengkulu,17,102.34247,-3.55632,Sumatera,34452,28896,1849310,394,1884154,0.29
Lampung,18,105.02166,-4.91731,Sumatera,120183,103810,8282004,7458,8409645,0.19
Kepulauan Bangka Belitung,19,106.26036,-2.5767,Sumatera,30220,18366,1340714,149,1371084,0.86
Kepulauan Riau,21,104.54706,1.02897,Sumatera,92811,83165,1890902,1387,1985101,0.49
DKI Jakarta,31,106.83438,-6.19905,Jawa,209995,797468,9668748,2461,9881205,-5.95
Jawa Barat,32,107.60332,-6.92063,Jawa,681798,506569,44733640,34671,45450109,0.39
Jawa Tengah,33,110.20149,-7.25939,Jawa,717575,411888,33575160,60947,34353684,0.89
Daerah Istimewa Yogyakarta,34,110.44559,-7.89492,Jawa,175464,100654,3334109,3421,3512994,2.13
Jawa Timur,35,112.90491,-7.94934,Jawa,281996,280954,38001781,82361,38366135,0.0
Banten,36,106.10896,-6.45613,Jawa,236277,232471,10968045,4711,11209031,0.03
Bali,51,115.13168,-8.36977,Bali & Nusa Tenggara,46821,74068,4063160,2350,4112331,-0.66
Nusa Tenggara Barat,52,117.50762,-8.72159,Bali & Nusa Tenggara,69418,30932,4811682,93230,4974331,0.77
Nusa Tenggara Timur,53,123.88735,-9.68201,Bali & Nusa Tenggara,95613,57167,4797386,13764,4906763,0.78
Kalimantan Barat,61,111.12076,-0.08652,Kalimantan,33429,43690,5008390,25212,5067031,-0.2
Kalimantan Tengah,62,113.41627,-1.60615,Kalimantan,70757,74884,2448146,285,2519185,-0.16
Kalimantan Selatan,63,115.43962,-3.00207,Kalimantan,58678,53865,3761405,1002,3821085,0.13
Kalimantan Timur,64,116.45094,0.45469,Kalimantan,102384,127084,3439921,1396,3543701,-0.7
Kalimantan Utara,65,116.24568,2.91503,Kalimantan,23388,26076,640389,2758,666533,-0.4
Sulawesi Utara,71,124.54841,1.05568,Sulawesi,30818,31574,2431519,511,2462849,-0.03
Sulawesi Tengah,72,121.49529,-1.43944,Sulawesi,44970,44083,2741996,707,2787674,0.03
Sulawesi Selatan,73,120.0058,-3.57877,Sulawesi,126573,153671,8331895,28728,8487196,-0.32
Sulawesi Tenggara,74,122.07459,-4.13646,Sulawesi,71226,35923,2369492,3512,2444232,1.44
Gorontalo,75,122.3757,0.6863,Sulawesi,20346,12856,1074472,7,1094826,0.68
Sulawesi Barat,76,119.34743,-2.46557,Sulawesi,30860,24084,1283945,3603,1318409,0.51
Maluku,81,128.95282,-3.07437,Maluku,26771,29750,1691954,238,1718964,-0.17
Maluku Utara,82,127.78616,0.5,Maluku,15134,15283,1180970,3,1196106,-0.01
Papua Barat,91,133.20041,-1.80428,Papua,35230,31652,1044522,83,1079836,0.33
Papua,94,138.69978,-4.66759,Papua,38783,69392,3970085,357,4009223,-0.76
