provinsi,neto_pct_2020,peringkat_2020,neto_pct_2025,peringkat_2025,perubahan_peringkat,keterangan
Nusa Tenggara Barat,0.77,7,1.82,1,6,
Jawa Tengah,0.89,4,1.8,2,2,
Nusa Tenggara Timur,0.78,6,1.35,3,3,
Sumatera Barat,1.56,2,1.2,4,-2,
Sulawesi Tenggara,1.44,3,1.18,5,-2,
Sulawesi Barat,0.51,9,1.01,6,3,
Daerah Istimewa Yogyakarta,2.13,1,0.85,7,-6,
Bengkulu,0.29,13,0.63,8,5,
Lampung,0.19,14,0.58,9,5,
Kepulauan Riau,0.49,10,0.37,10,0,
Jawa Timur,0.0,19,0.27,11,8,
Jambi,-0.39,29,0.18,12,17,
Aceh,-0.0,18,0.16,13,5,
Kepulauan Bangka Belitung,0.86,5,0.14,14,-9,
Gorontalo,0.68,8,0.11,15,-7,
Jawa Barat,0.39,11,0.07,16,-5,
Kalimantan Barat,-0.2,24,0.07,17,7,
Sulawesi Selatan,-0.32,26,0.05,18,8,
Sumatera Utara,-0.28,25,0.01,19,6,
Papua Selatan,,,-0.04,20,,provinsi baru (pemekaran 2022)
Maluku,-0.17,23,-0.06,21,2,
Maluku Utara,-0.01,20,-0.07,22,-2,
Riau,-0.38,28,-0.1,23,5,
Sulawesi Utara,-0.03,21,-0.1,24,-3,
Kalimantan Selatan,0.13,15,-0.11,25,-10,
Sumatera Selatan,-0.36,27,-0.15,26,1,
Papua Barat,0.33,12,-0.15,27,-15,wilayah berubah (pemekaran 2022)
Kalimantan Timur,-0.7,32,-0.22,28,4,
Papua Barat Daya,,,-0.29,29,,provinsi baru (pemekaran 2022)
Bali,-0.66,31,-0.33,30,1,
Sulawesi Tengah,0.03,17,-0.34,31,-14,
Papua Tengah,,,-0.46,32,,provinsi baru (pemekaran 2022)
Banten,0.03,16,-0.71,33,-17,
Kalimantan Tengah,-0.16,22,-0.79,34,-12,
Kalimantan Utara,-0.4,30,-0.95,35,-5,
Papua,-0.76,33,-1.95,36,-3,wilayah berubah (pemekaran 2022)
DKI Jakarta,-5.95,34,-5.4,37,-3,
Papua Pegunungan,,,,38,,provinsi baru; neto 2025 tidak tersedia (RSE > 50%)
