kode_prov,nama_prov,pulau,mig_masuk_pct,mig_keluar_pct,mig_neto_pct,mig_masuk_jml,mig_keluar_jml,mig_neto_jml,tfr_prov,imr_prov,rasio_ketergantungan_prov,laju_pertumbuhan,kepadatan,log_kepadatan,rasio_jk_prov,gini_2025,total,pct_65plus,pct_20_39,pct_0_14,pc1,pc2,cluster
11,Aceh,Sumatera,0.75,0.6,0.16,38596.0,30611.0,7985.0,2.36,16.27,47.75,1.36,100.0,2.0,100.9,0.274,5695929,6.2249,31.9856,26.0604,-0.1901,0.1121,3.0
12,Sumatera Utara,Sumatera,1.11,1.1,0.01,159199.0,157346.0,1853.0,2.41,15.88,48.76,1.37,221.0,2.3444,100.8,0.283,15978639,6.6933,31.5069,26.1246,0.0861,0.3206,3.0
13,Sumatera Barat,Sumatera,2.75,1.55,1.2,148170.0,83466.0,64704.0,2.39,14.58,47.59,1.41,142.0,2.1523,101.5,0.28,5991591,8.0892,31.5205,24.2905,0.2011,-0.2339,3.0
14,Riau,Sumatera,1.97,2.07,-0.1,122560.0,128944.0,-6384.0,2.21,13.28,45.58,1.34,77.0,1.8865,104.1,0.304,6892386,5.3635,31.9185,25.8977,-0.2301,-0.7827,3.0
15,Jambi,Sumatera,1.49,1.32,0.18,51531.0,45405.0,6127.0,2.23,14.75,45.24,1.27,78.0,1.8921,103.0,0.291,3811661,6.3517,31.3046,24.8805,0.1596,-0.2991,3.0
16,Sumatera Selatan,Sumatera,0.89,1.04,-0.15,72724.0,85030.0,-12306.0,2.18,14.66,47.21,1.12,104.0,2.017,104.0,0.298,9017142,6.968,30.8313,25.0455,0.6168,0.2569,3.0
17,Bengkulu,Sumatera,1.7,1.07,0.63,33155.0,20860.0,12295.0,2.27,16.89,45.46,1.3,108.0,2.0334,104.1,0.339,2163341,6.6053,31.5292,24.7495,-0.0202,0.0408,3.0
18,Lampung,Sumatera,1.44,0.86,0.58,125964.0,75462.0,50502.0,2.23,13.53,46.79,1.18,287.0,2.4579,103.9,0.287,9623792,7.5032,30.5829,24.4324,0.8792,0.1619,3.0
19,Kepulauan Bangka Belitung,Sumatera,1.63,1.49,0.14,23113.0,21168.0,1944.0,2.2,14.53,43.15,1.34,94.0,1.9731,105.0,0.214,1569749,6.6633,31.9791,23.6305,-0.1217,-1.4018,3.0
21,Kepulauan Riau,Sumatera,3.61,3.24,0.37,73032.0,65540.0,7492.0,2.17,11.89,43.64,1.47,275.0,2.4393,102.9,0.385,2243105,4.9359,32.0835,25.44,0.1723,-1.1525,4.0
31,DKI Jakarta,Jawa,1.27,6.67,-5.4,127465.0,667083.0,-539618.0,1.79,9.26,40.34,0.32,16129.0,4.2076,100.0,0.423,10669702,7.787,30.2274,21.1322,5.0814,-0.7554,1.0
32,Jawa Barat,Jawa,1.16,1.09,0.07,545233.0,514017.0,31216.0,2.05,12.84,43.38,1.12,1381.0,3.1402,102.3,0.397,51163888,7.5403,31.2419,22.8494,2.0631,0.1855,1.0
33,Jawa Tengah,Jawa,2.5,0.7,1.8,886346.0,247481.0,638865.0,2.05,10.88,44.96,0.97,1123.0,3.0504,100.8,0.35,38564968,9.7712,29.7267,21.4456,2.9653,0.5003,1.0
34,Daerah Istimewa Yogyakarta,Jawa,3.85,3.0,0.85,136492.0,106251.0,30240.0,1.84,9.8,46.41,0.64,1199.0,3.0788,97.7,0.414,3802716,12.507,28.396,19.2985,4.9919,0.937,1.0
35,Jawa Timur,Jawa,0.93,0.66,0.27,364329.0,259648.0,104682.0,1.95,11.84,44.35,0.73,881.0,2.945,99.3,0.359,42352024,10.5013,28.9986,20.4266,3.8822,1.1358,1.0
36,Banten,Jawa,1.19,1.9,-0.71,137640.0,220184.0,-82544.0,1.96,12.94,42.6,1.15,1351.0,3.1307,103.1,0.312,12641299,5.9723,32.039,23.9051,1.5437,-1.0614,1.0
51,Bali,Bali & Nusa Tenggara,1.29,1.62,-0.33,53467.0,67203.0,-13736.0,2.02,11.51,43.82,0.69,804.0,2.9053,100.2,0.333,4488243,10.198,29.3615,20.5089,3.5761,0.5682,1.0
52,Nusa Tenggara Barat,Bali & Nusa Tenggara,2.37,0.55,1.82,123622.0,28553.0,95069.0,2.38,21.03,48.77,1.58,296.0,2.4713,101.2,0.364,5815328,6.2705,30.8866,26.4268,-0.3526,0.9552,3.0
53,Nusa Tenggara Timur,Bali & Nusa Tenggara,2.19,0.84,1.35,113385.0,43475.0,69910.0,2.72,22.21,54.92,1.6,126.0,2.1004,100.0,0.322,5828569,6.6339,31.4732,28.7511,-1.3433,1.5343,3.0
61,Kalimantan Barat,Kalimantan,0.75,0.68,0.07,39716.0,36005.0,3711.0,2.25,14.83,44.93,1.33,40.0,1.6021,105.1,0.308,5834955,6.3929,32.1996,24.6739,-0.3916,-0.308,3.0
62,Kalimantan Tengah,Kalimantan,1.78,2.57,-0.79,46170.0,66583.0,-20413.0,2.25,16.21,42.62,1.34,19.0,1.2788,106.2,0.284,2879544,5.8268,32.8971,24.2024,-0.9872,-1.4874,4.0
63,Kalimantan Selatan,Kalimantan,1.1,1.21,-0.11,43538.0,47892.0,-4354.0,2.26,14.7,47.17,1.26,118.0,2.0719,102.1,0.281,4372109,6.5125,30.296,25.5144,0.4472,0.3207,3.0
64,Kalimantan Timur,Kalimantan,2.69,2.91,-0.22,100408.0,108723.0,-8315.0,2.09,13.47,40.19,1.52,35.0,1.5441,106.5,0.31,4478356,5.5563,35.3121,22.797,-1.0138,-2.9062,4.0
65,Kalimantan Utara,Kalimantan,2.75,3.7,-0.95,18821.0,25301.0,-6480.0,2.28,14.76,41.8,1.39,11.0,1.0414,110.0,0.251,758773,5.5034,33.3241,24.1001,-1.7333,-2.4913,4.0
71,Sulawesi Utara,Sulawesi,0.95,1.04,-0.1,23832.0,26241.0,-2409.0,2.07,15.75,45.95,0.79,189.0,2.2765,104.0,0.341,2740465,9.543,29.9285,22.0297,2.1278,0.8416,1.0
72,Sulawesi Tengah,Sulawesi,1.23,1.57,-0.34,35572.0,45271.0,-9699.0,2.25,23.99,46.6,1.17,52.0,1.716,105.0,0.277,3189768,6.3924,31.8706,25.3627,-0.6446,-0.1388,3.0
73,Sulawesi Selatan,Sulawesi,1.54,1.49,0.05,134595.0,130413.0,4182.0,2.17,15.76,44.87,1.11,213.0,2.3284,98.8,0.35,9661296,7.8206,32.1894,23.2636,1.3954,-0.0476,1.0
74,Sulawesi Tenggara,Sulawesi,2.31,1.13,1.18,59319.0,29132.0,30187.0,2.48,19.53,48.75,1.65,80.0,1.9031,102.5,0.357,2879988,5.7061,32.5276,27.0363,-1.3431,0.2487,3.0
75,Gorontalo,Sulawesi,1.31,1.19,0.11,14823.0,13522.0,1301.0,2.24,26.12,43.89,1.24,104.0,2.017,101.5,0.383,1256448,6.739,32.595,23.9282,-0.1201,0.2617,1.0
76,Sulawesi Barat,Sulawesi,2.49,1.48,1.01,34333.0,20399.0,13934.0,2.5,25.7,49.12,1.53,93.0,1.9685,102.6,0.308,1547354,5.6681,32.653,27.2481,-1.636,0.0755,3.0
81,Maluku,Maluku,1.52,1.58,-0.06,27132.0,28144.0,-1012.0,2.44,25.66,45.76,1.35,43.0,1.6335,102.2,0.273,1995208,6.2926,33.8617,25.2121,-1.3837,-0.6776,3.0
82,Maluku Utara,Maluku,1.09,1.16,-0.07,13653.0,14481.0,-827.0,2.38,24.45,46.21,1.45,44.0,1.6435,105.1,0.275,1391708,5.4675,32.4025,26.0753,-1.5995,-0.2541,3.0
91,Papua Barat,Papua,2.87,3.02,-0.15,15192.0,15998.0,-806.0,2.62,33.58,43.02,1.67,10.0,1.0,110.2,0.383,596461,4.0175,34.6465,26.2116,-4.1265,-1.058,4.0
92,Papua Barat Daya,Papua,2.71,3.0,-0.29,15486.0,17123.0,-1637.0,2.58,27.2,43.16,1.57,17.0,1.2304,108.1,0.361,645544,4.9255,34.5351,25.5406,-3.0517,-1.2223,4.0
94,Papua,Papua,1.67,3.62,-1.95,16265.0,35290.0,-19024.0,2.57,27.07,58.83,1.33,13.0,1.1139,109.1,0.397,1086454,4.9622,30.1138,31.7738,-2.5017,2.1833,2.0
95,Papua Selatan,Papua,1.52,1.56,-0.04,7517.0,7724.0,-207.0,2.74,34.49,75.4,1.44,5.0,0.699,107.5,0.426,557203,4.238,26.7631,38.2677,-3.5286,5.9867,2.0
96,Papua Tengah,Papua,1.05,1.51,-0.46,14108.0,20236.0,-6128.0,2.64,34.32,41.79,1.49,25.0,1.3979,114.0,0.34,1510813,3.8848,32.9302,25.7532,-3.8702,-0.3489,4.0
97,Papua Pegunungan,Papua,,0.51,,,6797.0,,2.78,37.04,35.83,1.38,29.0,1.4624,113.5,0.347,1501864,5.1048,35.1399,21.8988,,,
