id,judul,tahun,dipakai,url,akses
tfr_kab,"Angka Kelahiran Total menurut Kabupaten/Kota, Hasil SUPAS",2025,TFR kab/kota (A1) dan TFR provinsi (baris provinsi),https://www.bps.go.id/id/statistics-table/2/MjgwMiMy/angka-kelahiran-total-menurut-kabupaten-kota-hasil-supas.html,2 Oktober 2026
akb_kab,"Angka Kematian Bayi menurut Kabupaten/Kota, Hasil SUPAS",2025,Angka kematian bayi kab/kota,https://www.bps.go.id/id/statistics-table/2/MjgxMSMy/angka-kematian-bayi-menurut-kabupaten-kota--hasil-supas.html,2 Oktober 2026
umur,Jumlah Penduduk menurut Kabupaten/Kota dan Kelompok Umur,2025,"Struktur umur, rasio ketergantungan, % umur 0–14, 15–64, 20–39, 65+",https://www.bps.go.id/id/statistics-table/2/Mjc5MCMy/-jumlah-penduduk-menurut-kabupaten-kota-dan-kelompok-umur.html,2 Oktober 2026
umur_l,Jumlah Penduduk Laki-laki menurut Kabupaten/Kota dan Kelompok Umur,2025,Rasio jenis kelamin (total dan umur 20–39),https://www.bps.go.id/id/statistics-table/2/Mjc5MSMy/jumlah-penduduk-laki-laki-menurut-kabupaten-kota-dan-kelompok-umur-.html,2 Oktober 2026
umur_p,Jumlah Penduduk Perempuan menurut Kabupaten/Kota dan Kelompok Umur,2025,Rasio jenis kelamin (total dan umur 20–39),https://www.bps.go.id/id/statistics-table/2/Mjc5MiMy/jumlah-penduduk-perempuan-menurut-kabupaten-kota-dan-kelompok-umur.html,2 Oktober 2026
mig_pct,"Persentase Migran Masuk, Migran Keluar, dan Migran Neto Risen Antarprovinsi",2025,"Persentase migrasi masuk, keluar, neto per provinsi",https://www.bps.go.id/id/statistics-table/1/MjI4MSMx/persentase-migran-masuk--migran-keluar--dan-migran-neto-risen-antarprovinsi--2025.html,2 Oktober 2026
mig_jml,"Jumlah Migran Masuk Risen, Migran Keluar Risen, dan Migran Neto Risen menurut Provinsi dan Jenis Kelamin",2025,Jumlah migran (laki-laki + perempuan) per provinsi,https://www.bps.go.id/id/statistics-table/1/MjI4MCMx/jumlah-migran-masuk-risen--migran-keluar-risen--dan-migran-neto-risen-menurut-provinsi-dan-jenis-kelamin--2025.html,2 Oktober 2026
akb_prov,"Angka Kematian Bayi menurut Provinsi, Hasil SUPAS",2025,Angka kematian bayi provinsi,https://www.bps.go.id/id/statistics-table/2/MjgxMCMy/angka-kematian-bayi-menurut-provinsi--hasil-supas.html,2 Oktober 2026
rk_prov,"Rasio Ketergantungan menurut Provinsi, Hasil SUPAS",2025,Rasio ketergantungan provinsi,https://www.bps.go.id/id/statistics-table/2/Mjc4MiMy/rasio-ketergantungan-menurut-provinsi--hasil-supas.html,2 Oktober 2026
kepadatan,"Jumlah Penduduk, Laju Pertumbuhan, Distribusi, Kepadatan, Rasio Jenis Kelamin Penduduk menurut Provinsi",2025 (luas wilayah 2025),Kepadatan penduduk provinsi,https://www.bps.go.id/id/statistics-table/3/V1ZSbFRUY3lTbFpEYTNsVWNGcDZjek53YkhsNFFUMDkjMyMwMDAw/jumlah-penduduk--laju-pertumbuhan-penduduk--distribusi-persentase-penduduk--kepadatan-penduduk--rasio-jenis-kelamin-penduduk-menurut-provinsi.html?year=2026,2 Oktober 2026
supas_pub,Penduduk dan Indikator Kependudukan Hasil Survei Penduduk Antar Sensus 2025 (lampiran),2025 (terbit 2026),Laju pertumbuhan dan rasio jenis kelamin provinsi,https://www.bps.go.id/id/publication/2026/06/30/bdc814f38edf0a941f4f9d34/penduduk-dan-indikator-kependudukan-hasil-survei-penduduk-antar-sensus-2025.html,2 Oktober 2026
gini,"Gini Ratio menurut Provinsi dan Daerah (perkotaan + perdesaan, September)",September 2025,Gini ratio provinsi,https://www.bps.go.id/id/statistics-table/2/OTgjMg==/gini-ratio-menurut-provinsi-dan-daerah.html,2 Oktober 2026
lfsp2020,"Statistik Migrasi Indonesia Hasil Long Form Sensus Penduduk 2020, Tabel 5.3 Arus Migrasi Risen Antarprovinsi",2020 (terbit 2023),"Matriks asal–tujuan 34 provinsi (flow map, matriks OD, chord)",https://www.bps.go.id/id/publication/2023/07/20/97c956dd7ff3ece924911115/statistik-migrasi-indonesia-hasil-long-form-sensus-penduduk-2020.html,2 Oktober 2026
batas,"Batas administrasi kabupaten/kota dan provinsi 2024 (LapakGIS, turunan data BIG), data non-BPS",2024,Geometri peta; centroid 34 provinsi dibuat di QGIS,https://www.lapakgis.com/,2 Oktober 2026
